{
  "run_id": "20260305-162059-22132",
  "cases": 100,
  "baseline_success_rate": 100,
  "compile_success_rate": 98,
  "replay1_success_rate": 98,
  "replay2_success_rate": 98,
  "replay_stability_rate": 98,
  "avg_baseline_ms": 2260.85,
  "avg_replay1_ms": 260.2040816326531,
  "avg_replay2_ms": 136.89795918367346,
  "replay2_vs_replay1_ms_delta": -123.30612244897961
}
